block,date,hotkey,netuid,unit,delta,events
9020536,2026-09-08,5CyQFykVpfa9xgZVGgBsiNUpjbo1EihBTSkPvDC1FZbL1wxG,25,alpha,62854.4013624,"Balances.Withdraw {""who"": ""5HTeZ5168DjjGWZgbvzGfysEAj9fnexF24gYFKJHENU5cc8a"", ""amount"": 1000000} | SubtensorModule.HotkeySwappedOnSubnet {""coldkey"": ""5HTeZ5168DjjGWZgbvzGfysEAj9fnexF24gYFKJHENU5cc8a"", ""old_hotkey"": ""5F6aRdsBHajN2NhZHBTB6ibBFu7YuZZEWruWzB8x6B6GiZ4D"", ""new_hotkey"": ""5CyQFykVpfa9xgZVGgBsiNUpjbo1EihBTSkPvDC1FZbL1wxG"", ""netuid"": 25} | Multisig.MultisigExecuted {""approving"": ""5HnhcDkB7fQcbabDsmQXeP6N4fDKnciKjMkKCScUwkJYHH3u"", ""timepoint"": {""height"": 9015859, ""index"": 12}, ""multisig"": ""5HTeZ5168DjjGWZgbvzGfysEAj9fnexF24gYFKJHENU5cc8a"", ""call_hash"": ""0x71f5a4b1902e78301a42f0c40cb2929e90927f95aab5159286a6b5b402f63173"", ""result"": {""Ok"": []}}"
9020536,2026-09-08,5F6aRdsBHajN2NhZHBTB6ibBFu7YuZZEWruWzB8x6B6GiZ4D,25,alpha,-62854.4013624,"Balances.Withdraw {""who"": ""5HTeZ5168DjjGWZgbvzGfysEAj9fnexF24gYFKJHENU5cc8a"", ""amount"": 1000000} | SubtensorModule.HotkeySwappedOnSubnet {""coldkey"": ""5HTeZ5168DjjGWZgbvzGfysEAj9fnexF24gYFKJHENU5cc8a"", ""old_hotkey"": ""5F6aRdsBHajN2NhZHBTB6ibBFu7YuZZEWruWzB8x6B6GiZ4D"", ""new_hotkey"": ""5CyQFykVpfa9xgZVGgBsiNUpjbo1EihBTSkPvDC1FZbL1wxG"", ""netuid"": 25} | Multisig.MultisigExecuted {""approving"": ""5HnhcDkB7fQcbabDsmQXeP6N4fDKnciKjMkKCScUwkJYHH3u"", ""timepoint"": {""height"": 9015859, ""index"": 12}, ""multisig"": ""5HTeZ5168DjjGWZgbvzGfysEAj9fnexF24gYFKJHENU5cc8a"", ""call_hash"": ""0x71f5a4b1902e78301a42f0c40cb2929e90927f95aab5159286a6b5b402f63173"", ""result"": {""Ok"": []}}"
9020536,2026-09-08,FREE,-1,TAO,-0.001,"Balances.Withdraw {""who"": ""5HTeZ5168DjjGWZgbvzGfysEAj9fnexF24gYFKJHENU5cc8a"", ""amount"": 1000000} | SubtensorModule.HotkeySwappedOnSubnet {""coldkey"": ""5HTeZ5168DjjGWZgbvzGfysEAj9fnexF24gYFKJHENU5cc8a"", ""old_hotkey"": ""5F6aRdsBHajN2NhZHBTB6ibBFu7YuZZEWruWzB8x6B6GiZ4D"", ""new_hotkey"": ""5CyQFykVpfa9xgZVGgBsiNUpjbo1EihBTSkPvDC1FZbL1wxG"", ""netuid"": 25} | Multisig.MultisigExecuted {""approving"": ""5HnhcDkB7fQcbabDsmQXeP6N4fDKnciKjMkKCScUwkJYHH3u"", ""timepoint"": {""height"": 9015859, ""index"": 12}, ""multisig"": ""5HTeZ5168DjjGWZgbvzGfysEAj9fnexF24gYFKJHENU5cc8a"", ""call_hash"": ""0x71f5a4b1902e78301a42f0c40cb2929e90927f95aab5159286a6b5b402f63173"", ""result"": {""Ok"": []}}"
9021495,2026-09-08,5CyQFykVpfa9xgZVGgBsiNUpjbo1EihBTSkPvDC1FZbL1wxG,25,alpha,550000.0,"SubtensorModule.StakeRemoved [""5HTeZ5168DjjGWZgbvzGfysEAj9fnexF24gYFKJHENU5cc8a"", ""5FYwKoHYfiuy9m2yM4wbwM5pQyaEP38MBTTZS8RwNKRuQ8mi"", 4730137356407, 550000000000000, 25, 0] | SubtensorModule.StakeAdded [""5HTeZ5168DjjGWZgbvzGfysEAj9fnexF24gYFKJHENU5cc8a"", ""5CyQFykVpfa9xgZVGgBsiNUpjbo1EihBTSkPvDC1FZbL1wxG"", 4730137356407, 550000000000000, 25, 0] | SubtensorModule.StakeMoved [""5HTeZ5168DjjGWZgbvzGfysEAj9fnexF24gYFKJHENU5cc8a"", ""5FYwKoHYfiuy9m2yM4wbwM5pQyaEP38MBTTZS8RwNKRuQ8mi"", 25, ""5CyQFykVpfa9xgZVGgBsiNUpjbo1EihBTSkPvDC1FZbL1wxG"", 25, 4730137356407] | Multisig.MultisigExecuted {""approving"": ""5HnhcDkB7fQcbabDsmQXeP6N4fDKnciKjMkKCScUwkJYHH3u"", ""timepoint"": {""height"": 9021297, ""index"": 16}, ""multisig"": ""5HTeZ5168DjjGWZgbvzGfysEAj9fnexF24gYFKJHENU5cc8a"", ""call_hash"": ""0xadfca3e990fc3c10ba9fe4e78e05f1d39a43ded67bbf86bbef0170318b392b79"", ""result"": {""Ok"": []}}"
9021495,2026-09-08,5FYwKoHYfiuy9m2yM4wbwM5pQyaEP38MBTTZS8RwNKRuQ8mi,25,alpha,-550000.0,"SubtensorModule.StakeRemoved [""5HTeZ5168DjjGWZgbvzGfysEAj9fnexF24gYFKJHENU5cc8a"", ""5FYwKoHYfiuy9m2yM4wbwM5pQyaEP38MBTTZS8RwNKRuQ8mi"", 4730137356407, 550000000000000, 25, 0] | SubtensorModule.StakeAdded [""5HTeZ5168DjjGWZgbvzGfysEAj9fnexF24gYFKJHENU5cc8a"", ""5CyQFykVpfa9xgZVGgBsiNUpjbo1EihBTSkPvDC1FZbL1wxG"", 4730137356407, 550000000000000, 25, 0] | SubtensorModule.StakeMoved [""5HTeZ5168DjjGWZgbvzGfysEAj9fnexF24gYFKJHENU5cc8a"", ""5FYwKoHYfiuy9m2yM4wbwM5pQyaEP38MBTTZS8RwNKRuQ8mi"", 25, ""5CyQFykVpfa9xgZVGgBsiNUpjbo1EihBTSkPvDC1FZbL1wxG"", 25, 4730137356407] | Multisig.MultisigExecuted {""approving"": ""5HnhcDkB7fQcbabDsmQXeP6N4fDKnciKjMkKCScUwkJYHH3u"", ""timepoint"": {""height"": 9021297, ""index"": 16}, ""multisig"": ""5HTeZ5168DjjGWZgbvzGfysEAj9fnexF24gYFKJHENU5cc8a"", ""call_hash"": ""0xadfca3e990fc3c10ba9fe4e78e05f1d39a43ded67bbf86bbef0170318b392b79"", ""result"": {""Ok"": []}}"
9025033,2026-09-08,5CyQFykVpfa9xgZVGgBsiNUpjbo1EihBTSkPvDC1FZbL1wxG,25,alpha,106000.0,"SubtensorModule.StakeRemoved [""5HTeZ5168DjjGWZgbvzGfysEAj9fnexF24gYFKJHENU5cc8a"", ""5FYwKoHYfiuy9m2yM4wbwM5pQyaEP38MBTTZS8RwNKRuQ8mi"", 911848945828, 106000000000000, 25, 0] | SubtensorModule.StakeAdded [""5HTeZ5168DjjGWZgbvzGfysEAj9fnexF24gYFKJHENU5cc8a"", ""5CyQFykVpfa9xgZVGgBsiNUpjbo1EihBTSkPvDC1FZbL1wxG"", 911848945828, 106000000000000, 25, 0] | SubtensorModule.StakeMoved [""5HTeZ5168DjjGWZgbvzGfysEAj9fnexF24gYFKJHENU5cc8a"", ""5FYwKoHYfiuy9m2yM4wbwM5pQyaEP38MBTTZS8RwNKRuQ8mi"", 25, ""5CyQFykVpfa9xgZVGgBsiNUpjbo1EihBTSkPvDC1FZbL1wxG"", 25, 911848945828] | Multisig.MultisigExecuted {""approving"": ""5HnhcDkB7fQcbabDsmQXeP6N4fDKnciKjMkKCScUwkJYHH3u"", ""timepoint"": {""height"": 9022882, ""index"": 19}, ""multisig"": ""5HTeZ5168DjjGWZgbvzGfysEAj9fnexF24gYFKJHENU5cc8a"", ""call_hash"": ""0x748c183c4617dac39f7c5f93d9074f444bd1a0fcea94caac68d56186888595a8"", ""result"": {""Ok"": []}}"
9025033,2026-09-08,5FYwKoHYfiuy9m2yM4wbwM5pQyaEP38MBTTZS8RwNKRuQ8mi,25,alpha,-106000.0,"SubtensorModule.StakeRemoved [""5HTeZ5168DjjGWZgbvzGfysEAj9fnexF24gYFKJHENU5cc8a"", ""5FYwKoHYfiuy9m2yM4wbwM5pQyaEP38MBTTZS8RwNKRuQ8mi"", 911848945828, 106000000000000, 25, 0] | SubtensorModule.StakeAdded [""5HTeZ5168DjjGWZgbvzGfysEAj9fnexF24gYFKJHENU5cc8a"", ""5CyQFykVpfa9xgZVGgBsiNUpjbo1EihBTSkPvDC1FZbL1wxG"", 911848945828, 106000000000000, 25, 0] | SubtensorModule.StakeMoved [""5HTeZ5168DjjGWZgbvzGfysEAj9fnexF24gYFKJHENU5cc8a"", ""5FYwKoHYfiuy9m2yM4wbwM5pQyaEP38MBTTZS8RwNKRuQ8mi"", 25, ""5CyQFykVpfa9xgZVGgBsiNUpjbo1EihBTSkPvDC1FZbL1wxG"", 25, 911848945828] | Multisig.MultisigExecuted {""approving"": ""5HnhcDkB7fQcbabDsmQXeP6N4fDKnciKjMkKCScUwkJYHH3u"", ""timepoint"": {""height"": 9022882, ""index"": 19}, ""multisig"": ""5HTeZ5168DjjGWZgbvzGfysEAj9fnexF24gYFKJHENU5cc8a"", ""call_hash"": ""0x748c183c4617dac39f7c5f93d9074f444bd1a0fcea94caac68d56186888595a8"", ""result"": {""Ok"": []}}"
9055555,2026-09-13,5CyQFykVpfa9xgZVGgBsiNUpjbo1EihBTSkPvDC1FZbL1wxG,25,alpha,1e-09,
9058097,2026-09-13,5CyQFykVpfa9xgZVGgBsiNUpjbo1EihBTSkPvDC1FZbL1wxG,25,alpha,1e-09,
9065583,2026-09-14,5CyQFykVpfa9xgZVGgBsiNUpjbo1EihBTSkPvDC1FZbL1wxG,25,alpha,1e-09,
9072613,2026-09-15,5CyQFykVpfa9xgZVGgBsiNUpjbo1EihBTSkPvDC1FZbL1wxG,25,alpha,1e-09,
9076639,2026-09-16,5CyQFykVpfa9xgZVGgBsiNUpjbo1EihBTSkPvDC1FZbL1wxG,25,alpha,1e-09,
9094407,2026-09-18,5CyQFykVpfa9xgZVGgBsiNUpjbo1EihBTSkPvDC1FZbL1wxG,25,alpha,1e-09,
9122740,2026-09-22,5CyQFykVpfa9xgZVGgBsiNUpjbo1EihBTSkPvDC1FZbL1wxG,25,alpha,1e-09,
9129537,2026-09-23,5CyQFykVpfa9xgZVGgBsiNUpjbo1EihBTSkPvDC1FZbL1wxG,25,alpha,-10000.0,"SubtensorModule.StakeRemoved [""5HTeZ5168DjjGWZgbvzGfysEAj9fnexF24gYFKJHENU5cc8a"", ""5CyQFykVpfa9xgZVGgBsiNUpjbo1EihBTSkPvDC1FZbL1wxG"", 62678198379, 10000000000000, 25, 0] | SubtensorModule.StakeTransferred [""5HTeZ5168DjjGWZgbvzGfysEAj9fnexF24gYFKJHENU5cc8a"", ""5F1wrise3n9PdJ3YJcmR73TYix2A5uNfYLXjw4S6ksvfrVRY"", ""5CyQFykVpfa9xgZVGgBsiNUpjbo1EihBTSkPvDC1FZbL1wxG"", 25, 25, 62678198379] | Multisig.MultisigExecuted {""approving"": ""5HnhcDkB7fQcbabDsmQXeP6N4fDKnciKjMkKCScUwkJYHH3u"", ""timepoint"": {""height"": 9113891, ""index"": 25}, ""multisig"": ""5HTeZ5168DjjGWZgbvzGfysEAj9fnexF24gYFKJHENU5cc8a"", ""call_hash"": ""0x8e2c245db8c67c8397a28b51070d00af366b537540d2d1ca6dbffb8a957154bd"", ""result"": {""Ok"": []}}"
9144558,2026-09-25,5CyQFykVpfa9xgZVGgBsiNUpjbo1EihBTSkPvDC1FZbL1wxG,25,alpha,1e-09,
9162279,2026-09-27,5CyQFykVpfa9xgZVGgBsiNUpjbo1EihBTSkPvDC1FZbL1wxG,25,alpha,1e-09,
9177293,2026-09-30,5CyQFykVpfa9xgZVGgBsiNUpjbo1EihBTSkPvDC1FZbL1wxG,25,alpha,1e-09,
9187278,2026-10-01,5CyQFykVpfa9xgZVGgBsiNUpjbo1EihBTSkPvDC1FZbL1wxG,25,alpha,1e-09,
