date,block,ts,alpha_price_tau,takes
2026-09-07,9015202,1788779832000,0.009020929,"{""5CyQFykVpfa9xgZVGgBsiNUpjbo1EihBTSkPvDC1FZbL1wxG"": 11796, ""5FYwKoHYfiuy9m2yM4wbwM5pQyaEP38MBTTZS8RwNKRuQ8mi"": 11796, ""5F6aRdsBHajN2NhZHBTB6ibBFu7YuZZEWruWzB8x6B6GiZ4D"": 11796}"
2026-09-08,9019162,1788827412001,0.008578975,"{""5CyQFykVpfa9xgZVGgBsiNUpjbo1EihBTSkPvDC1FZbL1wxG"": 11796, ""5FYwKoHYfiuy9m2yM4wbwM5pQyaEP38MBTTZS8RwNKRuQ8mi"": 11796, ""5F6aRdsBHajN2NhZHBTB6ibBFu7YuZZEWruWzB8x6B6GiZ4D"": 11796}"
2026-09-09,9026362,1788913872000,0.008450455,"{""5CyQFykVpfa9xgZVGgBsiNUpjbo1EihBTSkPvDC1FZbL1wxG"": 11796, ""5FYwKoHYfiuy9m2yM4wbwM5pQyaEP38MBTTZS8RwNKRuQ8mi"": 11796, ""5F6aRdsBHajN2NhZHBTB6ibBFu7YuZZEWruWzB8x6B6GiZ4D"": 11796}"
2026-09-10,9033562,1789000380000,0.009798352,"{""5CyQFykVpfa9xgZVGgBsiNUpjbo1EihBTSkPvDC1FZbL1wxG"": 11796, ""5FYwKoHYfiuy9m2yM4wbwM5pQyaEP38MBTTZS8RwNKRuQ8mi"": 11796, ""5F6aRdsBHajN2NhZHBTB6ibBFu7YuZZEWruWzB8x6B6GiZ4D"": 11796}"
2026-09-11,9040762,1789086924000,0.009809109,"{""5CyQFykVpfa9xgZVGgBsiNUpjbo1EihBTSkPvDC1FZbL1wxG"": 11796, ""5FYwKoHYfiuy9m2yM4wbwM5pQyaEP38MBTTZS8RwNKRuQ8mi"": 11796, ""5F6aRdsBHajN2NhZHBTB6ibBFu7YuZZEWruWzB8x6B6GiZ4D"": 11796}"
2026-09-12,9047962,1789173528000,0.009814921,"{""5CyQFykVpfa9xgZVGgBsiNUpjbo1EihBTSkPvDC1FZbL1wxG"": 11796, ""5FYwKoHYfiuy9m2yM4wbwM5pQyaEP38MBTTZS8RwNKRuQ8mi"": 11796, ""5F6aRdsBHajN2NhZHBTB6ibBFu7YuZZEWruWzB8x6B6GiZ4D"": 11796}"
2026-09-13,9055162,1789260168000,0.009845446,"{""5CyQFykVpfa9xgZVGgBsiNUpjbo1EihBTSkPvDC1FZbL1wxG"": 11796, ""5FYwKoHYfiuy9m2yM4wbwM5pQyaEP38MBTTZS8RwNKRuQ8mi"": 11796, ""5F6aRdsBHajN2NhZHBTB6ibBFu7YuZZEWruWzB8x6B6GiZ4D"": 11796}"
2026-09-14,9062362,1789346700000,0.009918148,"{""5CyQFykVpfa9xgZVGgBsiNUpjbo1EihBTSkPvDC1FZbL1wxG"": 11796, ""5FYwKoHYfiuy9m2yM4wbwM5pQyaEP38MBTTZS8RwNKRuQ8mi"": 11796, ""5F6aRdsBHajN2NhZHBTB6ibBFu7YuZZEWruWzB8x6B6GiZ4D"": 11796}"
2026-09-15,9069562,1789433364000,0.010068208,"{""5CyQFykVpfa9xgZVGgBsiNUpjbo1EihBTSkPvDC1FZbL1wxG"": 11796, ""5FYwKoHYfiuy9m2yM4wbwM5pQyaEP38MBTTZS8RwNKRuQ8mi"": 11796, ""5F6aRdsBHajN2NhZHBTB6ibBFu7YuZZEWruWzB8x6B6GiZ4D"": 11796}"
2026-09-16,9076762,1789520160000,0.010084019,"{""5CyQFykVpfa9xgZVGgBsiNUpjbo1EihBTSkPvDC1FZbL1wxG"": 11796, ""5FYwKoHYfiuy9m2yM4wbwM5pQyaEP38MBTTZS8RwNKRuQ8mi"": 11796, ""5F6aRdsBHajN2NhZHBTB6ibBFu7YuZZEWruWzB8x6B6GiZ4D"": 11796}"
2026-09-17,9083962,1789606956000,0.010354464,"{""5CyQFykVpfa9xgZVGgBsiNUpjbo1EihBTSkPvDC1FZbL1wxG"": 11796, ""5FYwKoHYfiuy9m2yM4wbwM5pQyaEP38MBTTZS8RwNKRuQ8mi"": 11796, ""5F6aRdsBHajN2NhZHBTB6ibBFu7YuZZEWruWzB8x6B6GiZ4D"": 11796}"
2026-09-18,9091162,1789693740000,0.010335591,"{""5CyQFykVpfa9xgZVGgBsiNUpjbo1EihBTSkPvDC1FZbL1wxG"": 11796, ""5FYwKoHYfiuy9m2yM4wbwM5pQyaEP38MBTTZS8RwNKRuQ8mi"": 11796, ""5F6aRdsBHajN2NhZHBTB6ibBFu7YuZZEWruWzB8x6B6GiZ4D"": 11796}"
2026-09-19,9098362,1789780836000,0.010116491,"{""5CyQFykVpfa9xgZVGgBsiNUpjbo1EihBTSkPvDC1FZbL1wxG"": 11796, ""5FYwKoHYfiuy9m2yM4wbwM5pQyaEP38MBTTZS8RwNKRuQ8mi"": 11796, ""5F6aRdsBHajN2NhZHBTB6ibBFu7YuZZEWruWzB8x6B6GiZ4D"": 11796}"
2026-09-20,9105562,1789868316001,0.009200499,"{""5CyQFykVpfa9xgZVGgBsiNUpjbo1EihBTSkPvDC1FZbL1wxG"": 11796, ""5FYwKoHYfiuy9m2yM4wbwM5pQyaEP38MBTTZS8RwNKRuQ8mi"": 11796, ""5F6aRdsBHajN2NhZHBTB6ibBFu7YuZZEWruWzB8x6B6GiZ4D"": 11796}"
2026-09-21,9112402,1789951284000,0.009029976,"{""5CyQFykVpfa9xgZVGgBsiNUpjbo1EihBTSkPvDC1FZbL1wxG"": 11796, ""5FYwKoHYfiuy9m2yM4wbwM5pQyaEP38MBTTZS8RwNKRuQ8mi"": 11796, ""5F6aRdsBHajN2NhZHBTB6ibBFu7YuZZEWruWzB8x6B6GiZ4D"": 11796}"
2026-09-22,9119602,1790037684000,0.006740705,"{""5CyQFykVpfa9xgZVGgBsiNUpjbo1EihBTSkPvDC1FZbL1wxG"": 11796, ""5FYwKoHYfiuy9m2yM4wbwM5pQyaEP38MBTTZS8RwNKRuQ8mi"": 11796, ""5F6aRdsBHajN2NhZHBTB6ibBFu7YuZZEWruWzB8x6B6GiZ4D"": 11796}"
2026-09-23,9126802,1790124096000,0.006238417,"{""5CyQFykVpfa9xgZVGgBsiNUpjbo1EihBTSkPvDC1FZbL1wxG"": 11796, ""5FYwKoHYfiuy9m2yM4wbwM5pQyaEP38MBTTZS8RwNKRuQ8mi"": 11796, ""5F6aRdsBHajN2NhZHBTB6ibBFu7YuZZEWruWzB8x6B6GiZ4D"": 11796}"
2026-09-24,9134002,1790210568000,0.006650545,"{""5CyQFykVpfa9xgZVGgBsiNUpjbo1EihBTSkPvDC1FZbL1wxG"": 11796, ""5FYwKoHYfiuy9m2yM4wbwM5pQyaEP38MBTTZS8RwNKRuQ8mi"": 11796, ""5F6aRdsBHajN2NhZHBTB6ibBFu7YuZZEWruWzB8x6B6GiZ4D"": 11796}"
2026-09-25,9141202,1790296968000,0.006705074,"{""5CyQFykVpfa9xgZVGgBsiNUpjbo1EihBTSkPvDC1FZbL1wxG"": 11796, ""5FYwKoHYfiuy9m2yM4wbwM5pQyaEP38MBTTZS8RwNKRuQ8mi"": 11796, ""5F6aRdsBHajN2NhZHBTB6ibBFu7YuZZEWruWzB8x6B6GiZ4D"": 11796}"
2026-09-26,9148402,1790383368000,0.006886749,"{""5CyQFykVpfa9xgZVGgBsiNUpjbo1EihBTSkPvDC1FZbL1wxG"": 11796, ""5FYwKoHYfiuy9m2yM4wbwM5pQyaEP38MBTTZS8RwNKRuQ8mi"": 11796, ""5F6aRdsBHajN2NhZHBTB6ibBFu7YuZZEWruWzB8x6B6GiZ4D"": 11796}"
2026-09-27,9155602,1790469768000,0.006388723,"{""5CyQFykVpfa9xgZVGgBsiNUpjbo1EihBTSkPvDC1FZbL1wxG"": 11796, ""5FYwKoHYfiuy9m2yM4wbwM5pQyaEP38MBTTZS8RwNKRuQ8mi"": 11796, ""5F6aRdsBHajN2NhZHBTB6ibBFu7YuZZEWruWzB8x6B6GiZ4D"": 11796}"
2026-09-28,9162802,1790556180000,0.006801233,"{""5CyQFykVpfa9xgZVGgBsiNUpjbo1EihBTSkPvDC1FZbL1wxG"": 11796, ""5FYwKoHYfiuy9m2yM4wbwM5pQyaEP38MBTTZS8RwNKRuQ8mi"": 11796, ""5F6aRdsBHajN2NhZHBTB6ibBFu7YuZZEWruWzB8x6B6GiZ4D"": 11796}"
2026-09-29,9170002,1790642580000,0.00671442,"{""5CyQFykVpfa9xgZVGgBsiNUpjbo1EihBTSkPvDC1FZbL1wxG"": 11796, ""5FYwKoHYfiuy9m2yM4wbwM5pQyaEP38MBTTZS8RwNKRuQ8mi"": 11796, ""5F6aRdsBHajN2NhZHBTB6ibBFu7YuZZEWruWzB8x6B6GiZ4D"": 11796}"
2026-09-30,9177202,1790728980000,0.006725725,"{""5CyQFykVpfa9xgZVGgBsiNUpjbo1EihBTSkPvDC1FZbL1wxG"": 11796, ""5FYwKoHYfiuy9m2yM4wbwM5pQyaEP38MBTTZS8RwNKRuQ8mi"": 11796, ""5F6aRdsBHajN2NhZHBTB6ibBFu7YuZZEWruWzB8x6B6GiZ4D"": 11796}"
2026-10-01,9184402,1790815380000,0.00678086,"{""5CyQFykVpfa9xgZVGgBsiNUpjbo1EihBTSkPvDC1FZbL1wxG"": 11796, ""5FYwKoHYfiuy9m2yM4wbwM5pQyaEP38MBTTZS8RwNKRuQ8mi"": 11796, ""5F6aRdsBHajN2NhZHBTB6ibBFu7YuZZEWruWzB8x6B6GiZ4D"": 11796}"
2026-10-02,9191602,1790901780000,0.006680829,"{""5CyQFykVpfa9xgZVGgBsiNUpjbo1EihBTSkPvDC1FZbL1wxG"": 11796, ""5FYwKoHYfiuy9m2yM4wbwM5pQyaEP38MBTTZS8RwNKRuQ8mi"": 11796, ""5F6aRdsBHajN2NhZHBTB6ibBFu7YuZZEWruWzB8x6B6GiZ4D"": 11796}"
2026-10-03,9198802,1790988180000,0.006651567,"{""5CyQFykVpfa9xgZVGgBsiNUpjbo1EihBTSkPvDC1FZbL1wxG"": 11796, ""5FYwKoHYfiuy9m2yM4wbwM5pQyaEP38MBTTZS8RwNKRuQ8mi"": 11796, ""5F6aRdsBHajN2NhZHBTB6ibBFu7YuZZEWruWzB8x6B6GiZ4D"": 11796}"
2026-08-01,8745562,1785543216000,0.008179472,{}
2026-08-02,8752762,1785629652000,0.008591478,{}
2026-08-03,8759962,1785716052000,0.008667115,{}
2026-08-04,8767162,1785802524001,0.008472795,{}
2026-08-05,8774362,1785888972000,0.008149713,{}
2026-08-06,8781562,1785975384001,0.008818372,{}
2026-08-07,8788762,1786061784000,0.010864554,{}
2026-08-08,8795962,1786148196000,0.010594591,{}
2026-08-09,8803162,1786234596000,0.010337601,{}
2026-08-10,8810362,1786320996000,0.010442314,{}
2026-08-11,8817562,1786407396000,0.010210843,{}
2026-08-12,8824762,1786493796000,0.010200977,{}
2026-08-13,8831962,1786580292001,0.010354011,{}
2026-08-14,8839162,1786666692000,0.01093549,{}
2026-08-15,8846362,1786753104000,0.01110883,{}
2026-08-16,8853562,1786839504000,0.011013035,{}
2026-08-17,8860762,1786925904000,0.011328596,{}
2026-08-18,8867962,1787012304000,0.01399554,{}
2026-08-19,8875162,1787098704000,0.013172795,{}
2026-08-20,8882362,1787185104000,0.011871039,{}
2026-08-21,8889562,1787271516000,0.012379263,{}
2026-08-22,8896762,1787357916000,0.011976,{}
2026-08-23,8903962,1787444316000,0.011759962,{}
2026-08-24,8911162,1787530716000,0.010931598,{}
2026-08-25,8918362,1787617116000,0.0108433,{}
2026-08-26,8925562,1787703516000,0.010451156,{}
2026-08-27,8932762,1787789916000,0.009997314,{}
2026-08-28,8939962,1787876340000,0.009015019,{}
2026-08-29,8947162,1787962740000,0.008701923,{}
2026-08-30,8954362,1788049140000,0.008985995,{}
2026-08-31,8961562,1788135540000,0.009121074,{}
2026-09-01,8968762,1788221940000,0.008982667,{}
2026-09-02,8975962,1788308352000,0.008861648,{}
2026-09-03,8983162,1788394764000,0.008867093,{}
2026-09-04,8990362,1788481176000,0.009280092,{}
2026-09-05,8997562,1788567612000,0.009227585,{}
2026-09-06,9004762,1788654204001,0.009134492,{}
