block,ts,coldkey,hotkey,netuid,before_rao,after_rao
9020536,1788843982709,5HTeZ5168DjjGWZgbvzGfysEAj9fnexF24gYFKJHENU5cc8a,5CyQFykVpfa9xgZVGgBsiNUpjbo1EihBTSkPvDC1FZbL1wxG,25,0,62854401362400
9020536,1788843982709,5HTeZ5168DjjGWZgbvzGfysEAj9fnexF24gYFKJHENU5cc8a,5F6aRdsBHajN2NhZHBTB6ibBFu7YuZZEWruWzB8x6B6GiZ4D,25,62854401362400,0
9020536,1788843982709,5HTeZ5168DjjGWZgbvzGfysEAj9fnexF24gYFKJHENU5cc8a,FREE,-1,346727681,345727681
9021495,1788855517033,5HTeZ5168DjjGWZgbvzGfysEAj9fnexF24gYFKJHENU5cc8a,5CyQFykVpfa9xgZVGgBsiNUpjbo1EihBTSkPvDC1FZbL1wxG,25,63048796418160,613048796418160
9021495,1788855517033,5HTeZ5168DjjGWZgbvzGfysEAj9fnexF24gYFKJHENU5cc8a,5FYwKoHYfiuy9m2yM4wbwM5pQyaEP38MBTTZS8RwNKRuQ8mi,25,656316004262918,106316004262918
9025033,1788898070152,5HTeZ5168DjjGWZgbvzGfysEAj9fnexF24gYFKJHENU5cc8a,5CyQFykVpfa9xgZVGgBsiNUpjbo1EihBTSkPvDC1FZbL1wxG,25,613696779937360,719696779937360
9025033,1788898070152,5HTeZ5168DjjGWZgbvzGfysEAj9fnexF24gYFKJHENU5cc8a,5FYwKoHYfiuy9m2yM4wbwM5pQyaEP38MBTTZS8RwNKRuQ8mi,25,106414923685806,414923685806
9055555,1789265171986,5HTeZ5168DjjGWZgbvzGfysEAj9fnexF24gYFKJHENU5cc8a,5CyQFykVpfa9xgZVGgBsiNUpjbo1EihBTSkPvDC1FZbL1wxG,25,727149352746751,727149352746752
9058097,1789295745764,5HTeZ5168DjjGWZgbvzGfysEAj9fnexF24gYFKJHENU5cc8a,5CyQFykVpfa9xgZVGgBsiNUpjbo1EihBTSkPvDC1FZbL1wxG,25,727795647097672,727795647097673
9065583,1789385783256,5HTeZ5168DjjGWZgbvzGfysEAj9fnexF24gYFKJHENU5cc8a,5CyQFykVpfa9xgZVGgBsiNUpjbo1EihBTSkPvDC1FZbL1wxG,25,729646023408310,729646023408311
9072613,1789470336231,5HTeZ5168DjjGWZgbvzGfysEAj9fnexF24gYFKJHENU5cc8a,5CyQFykVpfa9xgZVGgBsiNUpjbo1EihBTSkPvDC1FZbL1wxG,25,731497473413839,731497473413840
9076639,1789518758745,5HTeZ5168DjjGWZgbvzGfysEAj9fnexF24gYFKJHENU5cc8a,5CyQFykVpfa9xgZVGgBsiNUpjbo1EihBTSkPvDC1FZbL1wxG,25,732514633100367,732514633100368
9094407,1789732462480,5HTeZ5168DjjGWZgbvzGfysEAj9fnexF24gYFKJHENU5cc8a,5CyQFykVpfa9xgZVGgBsiNUpjbo1EihBTSkPvDC1FZbL1wxG,25,737130494530155,737130494530156
9122740,1790073236225,5HTeZ5168DjjGWZgbvzGfysEAj9fnexF24gYFKJHENU5cc8a,5CyQFykVpfa9xgZVGgBsiNUpjbo1EihBTSkPvDC1FZbL1wxG,25,744167949611273,744167949611274
9129537,1790154986804,5HTeZ5168DjjGWZgbvzGfysEAj9fnexF24gYFKJHENU5cc8a,5CyQFykVpfa9xgZVGgBsiNUpjbo1EihBTSkPvDC1FZbL1wxG,25,746009392817682,736009392817682
9144558,1790335651133,5HTeZ5168DjjGWZgbvzGfysEAj9fnexF24gYFKJHENU5cc8a,5CyQFykVpfa9xgZVGgBsiNUpjbo1EihBTSkPvDC1FZbL1wxG,25,739853700489634,739853700489635
9162279,1790548789578,5HTeZ5168DjjGWZgbvzGfysEAj9fnexF24gYFKJHENU5cc8a,5CyQFykVpfa9xgZVGgBsiNUpjbo1EihBTSkPvDC1FZbL1wxG,25,744478773381986,744478773381987
9177293,1790729369714,5HTeZ5168DjjGWZgbvzGfysEAj9fnexF24gYFKJHENU5cc8a,5CyQFykVpfa9xgZVGgBsiNUpjbo1EihBTSkPvDC1FZbL1wxG,25,748520828821949,748520828821950
9187278,1790849463804,5HTeZ5168DjjGWZgbvzGfysEAj9fnexF24gYFKJHENU5cc8a,5CyQFykVpfa9xgZVGgBsiNUpjbo1EihBTSkPvDC1FZbL1wxG,25,751098785702340,751098785702341
