date,open,close,vwap,source
2026-07-25,191.3,191.5631,190.6948,kraken TAOUSD daily OHLC
2026-07-26,191.3635,199.229,196.6403,kraken TAOUSD daily OHLC
2026-07-27,199.307,187.4889,194.4584,kraken TAOUSD daily OHLC
2026-07-28,187.4099,194.7663,188.9421,kraken TAOUSD daily OHLC
2026-07-29,195.0019,190.4182,192.3217,kraken TAOUSD daily OHLC
2026-07-30,190.49,192.375,192.7065,kraken TAOUSD daily OHLC
2026-07-31,192.3948,193.0981,194.0173,kraken TAOUSD daily OHLC
2026-08-01,193.0813,192.2648,193.4521,kraken TAOUSD daily OHLC
2026-08-02,192.5685,192.1828,193.1477,kraken TAOUSD daily OHLC
2026-08-03,192.2331,191.5684,190.4505,kraken TAOUSD daily OHLC
2026-08-04,191.5451,195.3836,194.3454,kraken TAOUSD daily OHLC
2026-08-05,195.4155,197.261,196.7778,kraken TAOUSD daily OHLC
2026-08-06,197.3537,191.9631,193.6249,kraken TAOUSD daily OHLC
2026-08-07,191.9522,193.3733,192.991,kraken TAOUSD daily OHLC
2026-08-08,193.3233,203.8272,197.7157,kraken TAOUSD daily OHLC
2026-08-09,203.8546,202.0268,206.7974,kraken TAOUSD daily OHLC
2026-08-10,201.4901,199.519,202.1338,kraken TAOUSD daily OHLC
2026-08-11,199.4398,201.5903,198.9339,kraken TAOUSD daily OHLC
2026-08-12,201.1584,199.8388,202.6061,kraken TAOUSD daily OHLC
2026-08-13,199.8,203.1022,201.0835,kraken TAOUSD daily OHLC
2026-08-14,203.394,199.3878,199.3665,kraken TAOUSD daily OHLC
2026-08-15,199.256,196.6102,198.0429,kraken TAOUSD daily OHLC
2026-08-16,196.6019,195.6228,196.2934,kraken TAOUSD daily OHLC
2026-08-17,195.6762,196.0455,196.4264,kraken TAOUSD daily OHLC
2026-08-18,195.9994,190.6404,191.8194,kraken TAOUSD daily OHLC
2026-08-19,190.6411,205.471,198.6288,kraken TAOUSD daily OHLC
2026-08-20,205.732,214.7603,209.9861,kraken TAOUSD daily OHLC
2026-08-21,214.996,229.8178,226.3225,kraken TAOUSD daily OHLC
2026-08-22,229.8451,222.4718,229.0723,kraken TAOUSD daily OHLC
2026-08-23,222.0167,237.8983,230.7715,kraken TAOUSD daily OHLC
2026-08-24,237.5519,240.6095,239.3587,kraken TAOUSD daily OHLC
2026-08-25,240.6727,229.1537,236.7694,kraken TAOUSD daily OHLC
2026-08-26,229.205,234.65,231.3053,kraken TAOUSD daily OHLC
2026-08-27,234.65,253.9631,250.8609,kraken TAOUSD daily OHLC
2026-08-28,254.257,236.543,243.4301,kraken TAOUSD daily OHLC
2026-08-29,236.8196,235.8031,236.0951,kraken TAOUSD daily OHLC
2026-08-30,235.8793,227.828,236.0426,kraken TAOUSD daily OHLC
2026-08-31,226.771,230.3663,227.9656,kraken TAOUSD daily OHLC
2026-09-01,230.4058,219.8957,224.5387,kraken TAOUSD daily OHLC
2026-09-02,220.1158,217.1915,217.538,kraken TAOUSD daily OHLC
2026-09-03,217.1397,225.7596,226.1796,kraken TAOUSD daily OHLC
2026-09-04,225.6781,224.8445,226.0234,kraken TAOUSD daily OHLC
2026-09-05,224.7498,236.0713,233.8104,kraken TAOUSD daily OHLC
2026-09-06,236.0985,265.7358,254.5402,kraken TAOUSD daily OHLC
2026-09-07,265.8319,259.8932,264.3359,kraken TAOUSD daily OHLC
2026-09-08,259.8115,258.6112,259.4376,kraken TAOUSD daily OHLC
2026-09-09,258.5066,254.0847,261.0623,kraken TAOUSD daily OHLC
2026-09-10,254.2012,235.0,243.8924,kraken TAOUSD daily OHLC
2026-09-11,235.2014,235.6622,236.9344,kraken TAOUSD daily OHLC
2026-09-12,235.52,232.7534,234.2795,kraken TAOUSD daily OHLC
2026-09-13,232.8905,231.2473,234.9467,kraken TAOUSD daily OHLC
2026-09-14,231.3458,232.3839,235.581,kraken TAOUSD daily OHLC
2026-09-15,232.3922,217.7641,224.2447,kraken TAOUSD daily OHLC
2026-09-16,217.6846,221.679,217.7895,kraken TAOUSD daily OHLC
2026-09-17,221.8685,232.2085,227.4277,kraken TAOUSD daily OHLC
2026-09-18,232.0818,250.1917,246.6797,kraken TAOUSD daily OHLC
2026-09-19,250.2366,263.7409,262.8344,kraken TAOUSD daily OHLC
2026-09-20,263.733,261.722,259.1116,kraken TAOUSD daily OHLC
2026-09-21,261.6691,319.2921,290.284,kraken TAOUSD daily OHLC
2026-09-22,319.5633,314.9028,316.2151,kraken TAOUSD daily OHLC
2026-09-23,314.6028,287.2145,297.9586,kraken TAOUSD daily OHLC
2026-09-24,287.1647,296.6109,291.4004,kraken TAOUSD daily OHLC
2026-09-25,296.5368,318.0857,306.1587,kraken TAOUSD daily OHLC
2026-09-26,317.6837,321.2,325.2552,kraken TAOUSD daily OHLC
2026-09-27,321.2,319.4199,325.3324,kraken TAOUSD daily OHLC
2026-09-28,319.6978,308.0311,304.9094,kraken TAOUSD daily OHLC
2026-09-29,307.8562,300.6641,307.7421,kraken TAOUSD daily OHLC
2026-09-30,300.9,300.8043,304.9402,kraken TAOUSD daily OHLC
2026-10-01,300.871,303.4304,304.1416,kraken TAOUSD daily OHLC
2026-10-02,302.7264,292.4326,300.9062,kraken TAOUSD daily OHLC
2026-10-03,292.2029,291.4253,292.3221,kraken TAOUSD daily OHLC
